time,sender,type,name
7.00649e-45,0,0,
7.00649e-45,21,9,
7.00649e-45,21,9,
7.00649e-45,0,0,
7.00649e-45,0,0,
7.00649e-45,0,0,
7.00649e-45,0,0,
7.00649e-45,0,0,
7.00649e-45,0,0,
7.00649e-45,0,0,
7.00649e-45,0,0,
7.00649e-45,0,0,
7.00649e-45,0,0,
7.00649e-45,0,0,
7.00649e-45,0,0,
7.00649e-45,0,0,
7.00649e-45,0,0,
7.00649e-45,0,0,
7.00649e-45,0,0,
7.00649e-45,0,0,
7.00649e-45,0,0,
7.00649e-45,0,0,
7.00649e-45,0,0,
7.00649e-45,0,0,
7.00649e-45,0,0,
7.00649e-45,0,0,
7.00649e-45,0,0,
7.00649e-45,0,0,
7.00649e-45,0,0,
7.00649e-45,0,0,
7.00649e-45,0,0,
7.00649e-45,0,0,
7.00649e-45,0,0,
7.00649e-45,0,0,
7.00649e-45,0,0,
7.00649e-45,0,0,
7.00649e-45,0,0,
7.00649e-45,0,0,
7.00649e-45,0,0,
7.00649e-45,0,0,
7.00649e-45,0,0,
7.00649e-45,0,0,
7.00649e-45,0,0,
7.00649e-45,0,0,
7.00649e-45,0,0,
7.00649e-45,0,0,
7.00649e-45,0,0,
7.00649e-45,0,0,
7.00649e-45,0,0,
7.00649e-45,0,0,
7.00649e-45,0,0,
7.00649e-45,0,0,
7.00649e-45,0,0,
7.00649e-45,327685000,0,
7.00649e-45,327685000,0,
7.00649e-45,327685000,0,
7.00649e-45,327685000,0,
7.00649e-45,327685000,0,
7.00649e-45,327685000,0,
7.00649e-45,327685000,0,
7.00649e-45,327685000,0,
7.00649e-45,327685000,0,
7.00649e-45,327685000,0,
7.00649e-45,327685000,0,
7.00649e-45,327685000,0,
7.00649e-45,327685000,0,
7.00649e-45,327685000,0,
7.00649e-45,21,9,
7.00649e-45,21,9,
